Campaign,Campaign daily budget,Campaign type,Networks,Bid strategy type,Final URL,Keyword,Criterion type,Headline 1,Headline 2,Headline 3,Description 1,Description 2
SellerTools - Etsy Tags,10,Search,Google search,Maximize conversions,https://leopreciadov-bit.github.io/seller-tools/etsy-tag-finder/,etsy tag generator,Keyword,Free Etsy Tag Generator,13 SEO Tags in Seconds,No Signup Required,Generate exactly 13 Etsy tags. 20-char limit enforced. Long-tail SEO combos.,Free tool for Etsy sellers. Pro unlimited $14 lifetime. Pay USDC or card.
SellerTools - Etsy Tags,10,Search,Google search,Maximize conversions,https://leopreciadov-bit.github.io/seller-tools/etsy-tag-finder/,etsy tags tool,Keyword,Free Etsy Tag Generator,13 SEO Tags in Seconds,No Signup Required,Generate exactly 13 Etsy tags. 20-char limit enforced. Long-tail SEO combos.,Free tool for Etsy sellers. Pro unlimited $14 lifetime. Pay USDC or card.
SellerTools - Etsy Tags,10,Search,Google search,Maximize conversions,https://leopreciadov-bit.github.io/seller-tools/etsy-tag-finder/,etsy seo tags,Keyword,Free Etsy Tag Generator,13 SEO Tags in Seconds,No Signup Required,Generate exactly 13 Etsy tags. 20-char limit enforced. Long-tail SEO combos.,Free tool for Etsy sellers. Pro unlimited $14 lifetime. Pay USDC or card.
SellerTools - Etsy Tags,10,Search,Google search,Maximize conversions,https://leopreciadov-bit.github.io/seller-tools/etsy-tag-finder/,etsy keyword generator,Keyword,Free Etsy Tag Generator,13 SEO Tags in Seconds,No Signup Required,Generate exactly 13 Etsy tags. 20-char limit enforced. Long-tail SEO combos.,Free tool for Etsy sellers. Pro unlimited $14 lifetime. Pay USDC or card.
SellerTools - Etsy Tags,10,Search,Google search,Maximize conversions,https://leopreciadov-bit.github.io/seller-tools/etsy-tag-finder/,free etsy tags,Keyword,Free Etsy Tag Generator,13 SEO Tags in Seconds,No Signup Required,Generate exactly 13 Etsy tags. 20-char limit enforced. Long-tail SEO combos.,Free tool for Etsy sellers. Pro unlimited $14 lifetime. Pay USDC or card.
SellerTools - Etsy Tags,10,Search,Google search,Maximize conversions,https://leopreciadov-bit.github.io/seller-tools/etsy-tag-finder/,[etsy tag finder],Keyword,Free Etsy Tag Generator,13 SEO Tags in Seconds,No Signup Required,Generate exactly 13 Etsy tags. 20-char limit enforced. Long-tail SEO combos.,Free tool for Etsy sellers. Pro unlimited $14 lifetime. Pay USDC or card.
SellerTools - Etsy Tags,10,Search,Google search,Maximize conversions,https://leopreciadov-bit.github.io/seller-tools/etsy-tag-finder/,etsy listing tags,Keyword,Free Etsy Tag Generator,13 SEO Tags in Seconds,No Signup Required,Generate exactly 13 Etsy tags. 20-char limit enforced. Long-tail SEO combos.,Free tool for Etsy sellers. Pro unlimited $14 lifetime. Pay USDC or card.
SellerTools - Listing Lab,10,Search,Google search,Maximize conversions,https://leopreciadov-bit.github.io/seller-tools/listing-lab/,etsy listing generator,Keyword,Etsy Listing Generator Free,Titles + Descriptions + Tags,Shopify Mode Included,Stop spending an hour per listing. SEO copy in one click.,5 free generations daily. Pro $19 lifetime. Crypto checkout live.
SellerTools - Listing Lab,10,Search,Google search,Maximize conversions,https://leopreciadov-bit.github.io/seller-tools/listing-lab/,shopify description generator,Keyword,Etsy Listing Generator Free,Titles + Descriptions + Tags,Shopify Mode Included,Stop spending an hour per listing. SEO copy in one click.,5 free generations daily. Pro $19 lifetime. Crypto checkout live.
SellerTools - Listing Lab,10,Search,Google search,Maximize conversions,https://leopreciadov-bit.github.io/seller-tools/listing-lab/,product listing generator,Keyword,Etsy Listing Generator Free,Titles + Descriptions + Tags,Shopify Mode Included,Stop spending an hour per listing. SEO copy in one click.,5 free generations daily. Pro $19 lifetime. Crypto checkout live.
SellerTools - Listing Lab,10,Search,Google search,Maximize conversions,https://leopreciadov-bit.github.io/seller-tools/listing-lab/,etsy title generator,Keyword,Etsy Listing Generator Free,Titles + Descriptions + Tags,Shopify Mode Included,Stop spending an hour per listing. SEO copy in one click.,5 free generations daily. Pro $19 lifetime. Crypto checkout live.
SellerTools - Listing Lab,10,Search,Google search,Maximize conversions,https://leopreciadov-bit.github.io/seller-tools/listing-lab/,[listing generator etsy],Keyword,Etsy Listing Generator Free,Titles + Descriptions + Tags,Shopify Mode Included,Stop spending an hour per listing. SEO copy in one click.,5 free generations daily. Pro $19 lifetime. Crypto checkout live.
SellerTools - Listing Lab,10,Search,Google search,Maximize conversions,https://leopreciadov-bit.github.io/seller-tools/listing-lab/,etsy description generator,Keyword,Etsy Listing Generator Free,Titles + Descriptions + Tags,Shopify Mode Included,Stop spending an hour per listing. SEO copy in one click.,5 free generations daily. Pro $19 lifetime. Crypto checkout live.
